<?xml version="1.0" encoding="UTF-8"?>
<!DOCTYPE plist PUBLIC "-//Apple Computer//DTD PLIST 1.0//EN" "http://www.apple.com/DTDs/PropertyList-1.0.dtd">
<plist version="1.0">
    <dict>
        <key>frames</key>
        <dict>
            <key>bomb1.png</key>
            <dict>
                <key>frame</key>
                <string>{{2,46},{25,25}}</string>
                <key>offset</key>
                <string>{0,0}</string>
                <key>rotated</key>
                <false/>
                <key>sourceColorRect</key>
                <string>{{0,0},{25,25}}</string>
                <key>sourceSize</key>
                <string>{25,25}</string>
            </dict>
            <key>bomb2.png</key>
            <dict>
                <key>frame</key>
                <string>{{24,89},{26,25}}</string>
                <key>offset</key>
                <string>{0,0}</string>
                <key>rotated</key>
                <true/>
                <key>sourceColorRect</key>
                <string>{{0,0},{26,25}}</string>
                <key>sourceSize</key>
                <string>{26,25}</string>
            </dict>
            <key>bomb3.png</key>
            <dict>
                <key>frame</key>
                <string>{{2,2},{47,20}}</string>
                <key>offset</key>
                <string>{0,0}</string>
                <key>rotated</key>
                <false/>
                <key>sourceColorRect</key>
                <string>{{0,0},{47,20}}</string>
                <key>sourceSize</key>
                <string>{47,20}</string>
            </dict>
            <key>bullet_p1.png</key>
            <dict>
                <key>frame</key>
                <string>{{2,24},{45,20}}</string>
                <key>offset</key>
                <string>{0,0}</string>
                <key>rotated</key>
                <false/>
                <key>sourceColorRect</key>
                <string>{{0,0},{45,20}}</string>
                <key>sourceSize</key>
                <string>{45,20}</string>
            </dict>
            <key>bullet_p2.png</key>
            <dict>
                <key>frame</key>
                <string>{{2,89},{27,20}}</string>
                <key>offset</key>
                <string>{0,0}</string>
                <key>rotated</key>
                <true/>
                <key>sourceColorRect</key>
                <string>{{0,0},{27,20}}</string>
                <key>sourceSize</key>
                <string>{27,20}</string>
            </dict>
            <key>missile_0.png</key>
            <dict>
                <key>frame</key>
                <string>{{49,24},{63,12}}</string>
                <key>offset</key>
                <string>{0,0}</string>
                <key>rotated</key>
                <true/>
                <key>sourceColorRect</key>
                <string>{{0,6},{63,12}}</string>
                <key>sourceSize</key>
                <string>{63,24}</string>
            </dict>
        </dict>
        <key>metadata</key>
        <dict>
            <key>format</key>
            <integer>2</integer>
            <key>realTextureFileName</key>
            <string>bullets.png</string>
            <key>size</key>
            <string>{64,128}</string>
            <key>smartupdate</key>
            <string>$TexturePacker:SmartUpdate:ff37d2cfc44291ebbaf0d8c44c0f9088:eb1e5276eacab769c579acf59b7e3f23:73c53991d0580d711bcd1f1b9efd3592$</string>
            <key>textureFileName</key>
            <string>bullets.png</string>
        </dict>
    </dict>
</plist>
