<?xml version="1.0" encoding="UTF-8"?>
<!DOCTYPE plist PUBLIC "-//Apple Computer//DTD PLIST 1.0//EN" "http://www.apple.com/DTDs/PropertyList-1.0.dtd">
<plist version="1.0">
    <dict>
        <key>frames</key>
        <dict>
            <key>explosion_01.png</key>
            <dict>
                <key>frame</key>
                <string>{{158,348},{18,24}}</string>
                <key>offset</key>
                <string>{2,4}</string>
                <key>rotated</key>
                <true/>
                <key>sourceColorRect</key>
                <string>{{57,48},{18,24}}</string>
                <key>sourceSize</key>
                <string>{128,128}</string>
            </dict>
            <key>explosion_02.png</key>
            <dict>
                <key>frame</key>
                <string>{{296,258},{40,42}}</string>
                <key>offset</key>
                <string>{2,7}</string>
                <key>rotated</key>
                <false/>
                <key>sourceColorRect</key>
                <string>{{46,36},{40,42}}</string>
                <key>sourceSize</key>
                <string>{128,128}</string>
            </dict>
            <key>explosion_03.png</key>
            <dict>
                <key>frame</key>
                <string>{{220,210},{42,48}}</string>
                <key>offset</key>
                <string>{3,8}</string>
                <key>rotated</key>
                <false/>
                <key>sourceColorRect</key>
                <string>{{46,32},{42,48}}</string>
                <key>sourceSize</key>
                <string>{128,128}</string>
            </dict>
            <key>explosion_04.png</key>
            <dict>
                <key>frame</key>
                <string>{{264,210},{46,60}}</string>
                <key>offset</key>
                <string>{2,0}</string>
                <key>rotated</key>
                <true/>
                <key>sourceColorRect</key>
                <string>{{43,34},{46,60}}</string>
                <key>sourceSize</key>
                <string>{128,128}</string>
            </dict>
            <key>explosion_05.png</key>
            <dict>
                <key>frame</key>
                <string>{{2,458},{50,56}}</string>
                <key>offset</key>
                <string>{1,-4}</string>
                <key>rotated</key>
                <true/>
                <key>sourceColorRect</key>
                <string>{{40,40},{50,56}}</string>
                <key>sourceSize</key>
                <string>{128,128}</string>
            </dict>
            <key>explosion_06.png</key>
            <dict>
                <key>frame</key>
                <string>{{60,458},{48,56}}</string>
                <key>offset</key>
                <string>{-1,-3}</string>
                <key>rotated</key>
                <true/>
                <key>sourceColorRect</key>
                <string>{{39,39},{48,56}}</string>
                <key>sourceSize</key>
                <string>{128,128}</string>
            </dict>
            <key>explosion_07.png</key>
            <dict>
                <key>frame</key>
                <string>{{160,210},{56,58}}</string>
                <key>offset</key>
                <string>{0,-2}</string>
                <key>rotated</key>
                <true/>
                <key>sourceColorRect</key>
                <string>{{36,37},{56,58}}</string>
                <key>sourceSize</key>
                <string>{128,128}</string>
            </dict>
            <key>explosion_08.png</key>
            <dict>
                <key>frame</key>
                <string>{{292,72},{60,64}}</string>
                <key>offset</key>
                <string>{-3,-5}</string>
                <key>rotated</key>
                <false/>
                <key>sourceColorRect</key>
                <string>{{31,37},{60,64}}</string>
                <key>sourceSize</key>
                <string>{128,128}</string>
            </dict>
            <key>explosion_09.png</key>
            <dict>
                <key>frame</key>
                <string>{{160,70},{70,68}}</string>
                <key>offset</key>
                <string>{-4,-7}</string>
                <key>rotated</key>
                <false/>
                <key>sourceColorRect</key>
                <string>{{25,37},{70,68}}</string>
                <key>sourceSize</key>
                <string>{128,128}</string>
            </dict>
            <key>explosion_10.png</key>
            <dict>
                <key>frame</key>
                <string>{{252,428},{76,76}}</string>
                <key>offset</key>
                <string>{-4,-6}</string>
                <key>rotated</key>
                <false/>
                <key>sourceColorRect</key>
                <string>{{22,32},{76,76}}</string>
                <key>sourceSize</key>
                <string>{128,128}</string>
            </dict>
            <key>explosion_11.png</key>
            <dict>
                <key>frame</key>
                <string>{{76,284},{80,84}}</string>
                <key>offset</key>
                <string>{-2,-2}</string>
                <key>rotated</key>
                <false/>
                <key>sourceColorRect</key>
                <string>{{22,24},{80,84}}</string>
                <key>sourceSize</key>
                <string>{128,128}</string>
            </dict>
            <key>explosion_12.png</key>
            <dict>
                <key>frame</key>
                <string>{{2,372},{80,84}}</string>
                <key>offset</key>
                <string>{-1,4}</string>
                <key>rotated</key>
                <false/>
                <key>sourceColorRect</key>
                <string>{{23,18},{80,84}}</string>
                <key>sourceSize</key>
                <string>{128,128}</string>
            </dict>
            <key>explosion_13.png</key>
            <dict>
                <key>frame</key>
                <string>{{84,370},{74,84}}</string>
                <key>offset</key>
                <string>{4,3}</string>
                <key>rotated</key>
                <false/>
                <key>sourceColorRect</key>
                <string>{{31,19},{74,84}}</string>
                <key>sourceSize</key>
                <string>{128,128}</string>
            </dict>
            <key>explosion_14.png</key>
            <dict>
                <key>frame</key>
                <string>{{84,186},{74,80}}</string>
                <key>offset</key>
                <string>{6,-4}</string>
                <key>rotated</key>
                <false/>
                <key>sourceColorRect</key>
                <string>{{33,28},{74,80}}</string>
                <key>sourceSize</key>
                <string>{128,128}</string>
            </dict>
            <key>explosion_15.png</key>
            <dict>
                <key>frame</key>
                <string>{{2,194},{80,88}}</string>
                <key>offset</key>
                <string>{6,-4}</string>
                <key>rotated</key>
                <false/>
                <key>sourceColorRect</key>
                <string>{{30,24},{80,88}}</string>
                <key>sourceSize</key>
                <string>{128,128}</string>
            </dict>
            <key>explosion_16.png</key>
            <dict>
                <key>frame</key>
                <string>{{2,2},{82,98}}</string>
                <key>offset</key>
                <string>{6,-4}</string>
                <key>rotated</key>
                <false/>
                <key>sourceColorRect</key>
                <string>{{29,19},{82,98}}</string>
                <key>sourceSize</key>
                <string>{128,128}</string>
            </dict>
            <key>explosion_17.png</key>
            <dict>
                <key>frame</key>
                <string>{{2,102},{80,90}}</string>
                <key>offset</key>
                <string>{10,-3}</string>
                <key>rotated</key>
                <false/>
                <key>sourceColorRect</key>
                <string>{{34,22},{80,90}}</string>
                <key>sourceSize</key>
                <string>{128,128}</string>
            </dict>
            <key>explosion_18.png</key>
            <dict>
                <key>frame</key>
                <string>{{158,268},{78,74}}</string>
                <key>offset</key>
                <string>{14,-1}</string>
                <key>rotated</key>
                <true/>
                <key>sourceColorRect</key>
                <string>{{39,28},{78,74}}</string>
                <key>sourceSize</key>
                <string>{128,128}</string>
            </dict>
            <key>explosion_19.png</key>
            <dict>
                <key>frame</key>
                <string>{{2,284},{86,72}}</string>
                <key>offset</key>
                <string>{14,1}</string>
                <key>rotated</key>
                <true/>
                <key>sourceColorRect</key>
                <string>{{35,27},{86,72}}</string>
                <key>sourceSize</key>
                <string>{128,128}</string>
            </dict>
            <key>explosion_20.png</key>
            <dict>
                <key>frame</key>
                <string>{{160,368},{78,70}}</string>
                <key>offset</key>
                <string>{7,0}</string>
                <key>rotated</key>
                <true/>
                <key>sourceColorRect</key>
                <string>{{32,29},{78,70}}</string>
                <key>sourceSize</key>
                <string>{128,128}</string>
            </dict>
            <key>explosion_21.png</key>
            <dict>
                <key>frame</key>
                <string>{{330,2},{76,66}}</string>
                <key>offset</key>
                <string>{4,-1}</string>
                <key>rotated</key>
                <false/>
                <key>sourceColorRect</key>
                <string>{{30,32},{76,66}}</string>
                <key>sourceSize</key>
                <string>{128,128}</string>
            </dict>
            <key>explosion_22.png</key>
            <dict>
                <key>frame</key>
                <string>{{354,70},{58,58}}</string>
                <key>offset</key>
                <string>{-2,1}</string>
                <key>rotated</key>
                <false/>
                <key>sourceColorRect</key>
                <string>{{33,34},{58,58}}</string>
                <key>sourceSize</key>
                <string>{128,128}</string>
            </dict>
            <key>explosion_23.png</key>
            <dict>
                <key>frame</key>
                <string>{{234,260},{64,60}}</string>
                <key>offset</key>
                <string>{1,1}</string>
                <key>rotated</key>
                <true/>
                <key>sourceColorRect</key>
                <string>{{33,33},{64,60}}</string>
                <key>sourceSize</key>
                <string>{128,128}</string>
            </dict>
            <key>explosion_24.png</key>
            <dict>
                <key>frame</key>
                <string>{{408,2},{70,66}}</string>
                <key>offset</key>
                <string>{4,-2}</string>
                <key>rotated</key>
                <false/>
                <key>sourceColorRect</key>
                <string>{{33,33},{70,66}}</string>
                <key>sourceSize</key>
                <string>{128,128}</string>
            </dict>
            <key>explosion_25.png</key>
            <dict>
                <key>frame</key>
                <string>{{86,2},{72,80}}</string>
                <key>offset</key>
                <string>{10,-2}</string>
                <key>rotated</key>
                <false/>
                <key>sourceColorRect</key>
                <string>{{38,26},{72,80}}</string>
                <key>sourceSize</key>
                <string>{128,128}</string>
            </dict>
            <key>explosion_26.png</key>
            <dict>
                <key>frame</key>
                <string>{{84,102},{74,82}}</string>
                <key>offset</key>
                <string>{10,-3}</string>
                <key>rotated</key>
                <false/>
                <key>sourceColorRect</key>
                <string>{{37,26},{74,82}}</string>
                <key>sourceSize</key>
                <string>{128,128}</string>
            </dict>
            <key>explosion_27.png</key>
            <dict>
                <key>frame</key>
                <string>{{118,456},{54,64}}</string>
                <key>offset</key>
                <string>{6,2}</string>
                <key>rotated</key>
                <true/>
                <key>sourceColorRect</key>
                <string>{{43,30},{54,64}}</string>
                <key>sourceSize</key>
                <string>{128,128}</string>
            </dict>
            <key>explosion_28.png</key>
            <dict>
                <key>frame</key>
                <string>{{296,138},{58,62}}</string>
                <key>offset</key>
                <string>{5,4}</string>
                <key>rotated</key>
                <false/>
                <key>sourceColorRect</key>
                <string>{{40,29},{58,62}}</string>
                <key>sourceSize</key>
                <string>{128,128}</string>
            </dict>
            <key>explosion_29.png</key>
            <dict>
                <key>frame</key>
                <string>{{184,448},{62,66}}</string>
                <key>offset</key>
                <string>{5,5}</string>
                <key>rotated</key>
                <true/>
                <key>sourceColorRect</key>
                <string>{{38,26},{62,66}}</string>
                <key>sourceSize</key>
                <string>{128,128}</string>
            </dict>
            <key>explosion_30.png</key>
            <dict>
                <key>frame</key>
                <string>{{160,140},{66,68}}</string>
                <key>offset</key>
                <string>{4,6}</string>
                <key>rotated</key>
                <false/>
                <key>sourceColorRect</key>
                <string>{{35,24},{66,68}}</string>
                <key>sourceSize</key>
                <string>{128,128}</string>
            </dict>
            <key>explosion_31.png</key>
            <dict>
                <key>frame</key>
                <string>{{234,2},{72,68}}</string>
                <key>offset</key>
                <string>{4,5}</string>
                <key>rotated</key>
                <false/>
                <key>sourceColorRect</key>
                <string>{{32,25},{72,68}}</string>
                <key>sourceSize</key>
                <string>{128,128}</string>
            </dict>
            <key>explosion_32.png</key>
            <dict>
                <key>frame</key>
                <string>{{232,348},{78,68}}</string>
                <key>offset</key>
                <string>{4,6}</string>
                <key>rotated</key>
                <true/>
                <key>sourceColorRect</key>
                <string>{{29,24},{78,68}}</string>
                <key>sourceSize</key>
                <string>{128,128}</string>
            </dict>
            <key>explosion_33.png</key>
            <dict>
                <key>frame</key>
                <string>{{160,2},{72,66}}</string>
                <key>offset</key>
                <string>{9,9}</string>
                <key>rotated</key>
                <false/>
                <key>sourceColorRect</key>
                <string>{{37,22},{72,66}}</string>
                <key>sourceSize</key>
                <string>{128,128}</string>
            </dict>
            <key>explosion_34.png</key>
            <dict>
                <key>frame</key>
                <string>{{228,140},{68,66}}</string>
                <key>offset</key>
                <string>{9,17}</string>
                <key>rotated</key>
                <true/>
                <key>sourceColorRect</key>
                <string>{{39,14},{68,66}}</string>
                <key>sourceSize</key>
                <string>{128,128}</string>
            </dict>
            <key>explosion_35.png</key>
            <dict>
                <key>frame</key>
                <string>{{232,72},{66,58}}</string>
                <key>offset</key>
                <string>{12,14}</string>
                <key>rotated</key>
                <true/>
                <key>sourceColorRect</key>
                <string>{{43,21},{66,58}}</string>
                <key>sourceSize</key>
                <string>{128,128}</string>
            </dict>
        </dict>
        <key>metadata</key>
        <dict>
            <key>format</key>
            <integer>2</integer>
            <key>realTextureFileName</key>
            <string>explosion.png</string>
            <key>size</key>
            <string>{512,512}</string>
            <key>smartupdate</key>
            <string>$TexturePacker:SmartUpdate:32444a4ee5ed4b15bbb0544a15090343$</string>
            <key>textureFileName</key>
            <string>explosion.png</string>
        </dict>
    </dict>
</plist>
