<?xml version="1.0" encoding="UTF-8"?>
<!DOCTYPE plist PUBLIC "-//Apple Computer//DTD PLIST 1.0//EN" "http://www.apple.com/DTDs/PropertyList-1.0.dtd">
<plist version="1.0">
    <dict>
        <key>frames</key>
        <dict>
            <key>jujiao0.png</key>
            <dict>
                <key>frame</key>
                <string>{{2,2},{360,337}}</string>
                <key>offset</key>
                <string>{0,0}</string>
                <key>rotated</key>
                <false/>
                <key>sourceColorRect</key>
                <string>{{0,0},{360,337}}</string>
                <key>sourceSize</key>
                <string>{360,337}</string>
            </dict>
            <key>jujiao1.png</key>
            <dict>
                <key>frame</key>
                <string>{{2,341},{359,350}}</string>
                <key>offset</key>
                <string>{0,0}</string>
                <key>rotated</key>
                <false/>
                <key>sourceColorRect</key>
                <string>{{0,0},{359,350}}</string>
                <key>sourceSize</key>
                <string>{359,350}</string>
            </dict>
            <key>jujiao2.png</key>
            <dict>
                <key>frame</key>
                <string>{{2,693},{280,281}}</string>
                <key>offset</key>
                <string>{0,0}</string>
                <key>rotated</key>
                <false/>
                <key>sourceColorRect</key>
                <string>{{0,0},{280,281}}</string>
                <key>sourceSize</key>
                <string>{280,281}</string>
            </dict>
            <key>jujiao3.png</key>
            <dict>
                <key>frame</key>
                <string>{{284,693},{197,200}}</string>
                <key>offset</key>
                <string>{0,0}</string>
                <key>rotated</key>
                <true/>
                <key>sourceColorRect</key>
                <string>{{0,0},{197,200}}</string>
                <key>sourceSize</key>
                <string>{197,200}</string>
            </dict>
            <key>jujiao4.png</key>
            <dict>
                <key>frame</key>
                <string>{{364,2},{133,127}}</string>
                <key>offset</key>
                <string>{0,0}</string>
                <key>rotated</key>
                <false/>
                <key>sourceColorRect</key>
                <string>{{0,0},{133,127}}</string>
                <key>sourceSize</key>
                <string>{133,127}</string>
            </dict>
        </dict>
        <key>metadata</key>
        <dict>
            <key>format</key>
            <integer>2</integer>
            <key>realTextureFileName</key>
            <string>jujiao.png</string>
            <key>size</key>
            <string>{512,1024}</string>
            <key>smartupdate</key>
            <string>$TexturePacker:SmartUpdate:7edee0f29ea5e1cd442597ad9818a09d:a286ff2e5f1316d604c2f12c873bc528:917743cf11d1c81e30eddd9d704b91e9$</string>
            <key>textureFileName</key>
            <string>jujiao.png</string>
        </dict>
    </dict>
</plist>
